"code commune insee","nom de_la_commune","first_postal","libelle_d_acheminement","ligne_5","_geopoint"
"49002","ALLONNES","49650","ALLONNES",,"47.3069328,0.00810265"
"49003","TUFFALUN","49700","TUFFALUN","AMBILLOU CHATEAU","47.27049705,-0.32219575"
"49003","TUFFALUN","49700","TUFFALUN","LOUERRE","47.27049705,-0.32219575"
"49003","TUFFALUN","49700","TUFFALUN","NOYANT LA PLAINE","47.27049705,-0.32219575"
"49007","ANGERS","49000","ANGERS",,"47.48189605,-0.5629347499999999"
"49007","ANGERS","49100","ANGERS",,"47.48189605,-0.5629347499999999"
"49008","ANGRIE","49440","ANGRIE",,"47.5819468,-0.96774985"
"49009","ANTOIGNE","49260","ANTOIGNE",,"47.07927545,-0.1382129"
"49010","ARMAILLE","49420","ARMAILLE",,"47.713490050000004,-1.14250375"
"49011","ARTANNES SUR THOUET","49260","ARTANNES SUR THOUET",,"47.204157,-0.09776009999999999"
"49012","AUBIGNE SUR LAYON","49540","AUBIGNE SUR LAYON",,"47.21268565,-0.47447385"
"49015","AVRILLE","49240","AVRILLE",,"47.502706599999996,-0.60114205"
"49017","BARACE","49430","BARACE",,"47.6415626,-0.3563232"
"49018","BAUGE EN ANJOU","49150","BAUGE EN ANJOU","BAUGE","47.55978775,-0.11425895"
"49018","BAUGE EN ANJOU","49150","BAUGE EN ANJOU","BOCE","47.55978775,-0.11425895"
"49018","BAUGE EN ANJOU","49150","BAUGE EN ANJOU","CHARTRENE","47.55978775,-0.11425895"
"49018","BAUGE EN ANJOU","49150","BAUGE EN ANJOU","CHEVIRE LE ROUGE","47.55978775,-0.11425895"
"49018","BAUGE EN ANJOU","49150","BAUGE EN ANJOU","CLEFS","47.55978775,-0.11425895"
"49018","BAUGE EN ANJOU","49150","BAUGE EN ANJOU","CUON","47.55978775,-0.11425895"
"49018","BAUGE EN ANJOU","49150","BAUGE EN ANJOU","ECHEMIRE","47.55978775,-0.11425895"
"49018","BAUGE EN ANJOU","49150","BAUGE EN ANJOU","FOUGERE","47.55978775,-0.11425895"
"49018","BAUGE EN ANJOU","49150","BAUGE EN ANJOU","LE GUEDENIAU","47.55978775,-0.11425895"
"49018","BAUGE EN ANJOU","49150","BAUGE EN ANJOU","LE VIEIL BAUGE","47.55978775,-0.11425895"
"49018","BAUGE EN ANJOU","49150","BAUGE EN ANJOU","MONTPOLLIN","47.55978775,-0.11425895"
"49018","BAUGE EN ANJOU","49150","BAUGE EN ANJOU","PONTIGNE","47.55978775,-0.11425895"
"49018","BAUGE EN ANJOU","49150","BAUGE EN ANJOU","ST MARTIN D ARCE","47.55978775,-0.11425895"
"49018","BAUGE EN ANJOU","49150","BAUGE EN ANJOU","ST QUENTIN LES BEAUREPAIRE","47.55978775,-0.11425895"
"49018","BAUGE EN ANJOU","49150","BAUGE EN ANJOU","VAULANDRY","47.55978775,-0.11425895"
"49020","BEAUCOUZE","49070","BEAUCOUZE",,"47.4741726,-0.63578325"
"49021","BEAUFORT EN ANJOU","49250","BEAUFORT EN ANJOU","BEAUFORT EN VALLEE","47.437367449999996,-0.20629125"
"49021","BEAUFORT EN ANJOU","49250","BEAUFORT EN ANJOU","GEE","47.437367449999996,-0.20629125"
"49022","BEAULIEU SUR LAYON","49750","BEAULIEU SUR LAYON",,"47.31475645,-0.60369585"
"49023","BEAUPREAU EN MAUGES","49110","BEAUPREAU EN MAUGES","LE PIN EN MAUGES","47.202821400000005,-0.9844299999999999"
"49023","BEAUPREAU EN MAUGES","49450","BEAUPREAU EN MAUGES","VILLEDIEU LA BLOUERE","47.202821400000005,-0.9844299999999999"
"49023","BEAUPREAU EN MAUGES","49510","BEAUPREAU EN MAUGES","JALLAIS","47.202821400000005,-0.9844299999999999"
"49023","BEAUPREAU EN MAUGES","49510","BEAUPREAU EN MAUGES","LA JUBAUDIERE","47.202821400000005,-0.9844299999999999"
"49023","BEAUPREAU EN MAUGES","49510","BEAUPREAU EN MAUGES","LA POITEVINIERE","47.202821400000005,-0.9844299999999999"
"49023","BEAUPREAU EN MAUGES","49600","BEAUPREAU EN MAUGES","ANDREZE","47.202821400000005,-0.9844299999999999"
"49023","BEAUPREAU EN MAUGES","49600","BEAUPREAU EN MAUGES","BEAUPREAU","47.202821400000005,-0.9844299999999999"
"49023","BEAUPREAU EN MAUGES","49600","BEAUPREAU EN MAUGES","GESTE","47.202821400000005,-0.9844299999999999"
"49023","BEAUPREAU EN MAUGES","49600","BEAUPREAU EN MAUGES","LA CHAPELLE DU GENET","47.202821400000005,-0.9844299999999999"
"49023","BEAUPREAU EN MAUGES","49600","BEAUPREAU EN MAUGES","ST PHILBERT EN MAUGES","47.202821400000005,-0.9844299999999999"
"49026","BECON LES GRANITS","49370","BECON LES GRANITS",,"47.50440435,-0.8014590500000001"
"49027","BEGROLLES EN MAUGES","49122","BEGROLLES EN MAUGES",,"47.1331359,-0.9311111000000001"
"49028","BEHUARD","49170","BEHUARD",,"47.3796226,-0.6481467"
"49029","BLAISON ST SULPICE","49320","BLAISON ST SULPICE","BLAISON GOHIER","47.3784395,-0.38357365"
"49029","BLAISON ST SULPICE","49320","BLAISON ST SULPICE","GOHIER","47.3784395,-0.38357365"
"49029","BLAISON ST SULPICE","49320","BLAISON ST SULPICE","ST SULPICE","47.3784395,-0.38357365"
"49030","BLOU","49160","BLOU",,"47.36070255,-0.0534331"
"49035","BOUCHEMAINE","49080","BOUCHEMAINE",,"47.42882405,-0.62412715"
"49036","BOUILLE MENARD","49520","BOUILLE MENARD",,"47.7406381,-0.9660572000000001"
"49038","BOURG L EVEQUE","49520","BOURG L EVEQUE",,"47.7327353,-1.01836895"
"49041","BRAIN SUR ALLONNES","49650","BRAIN SUR ALLONNES",,"47.30411505,0.07425625"
"49045","LA BREILLE LES PINS","49390","LA BREILLE LES PINS",,"47.351481050000004,0.08188770000000001"
"49048","BRIOLLAY","49125","BRIOLLAY",,"47.5758147,-0.4954407"
"49050","BRISSAC LOIRE AUBANCE","49250","BRISSAC LOIRE AUBANCE","ST REMY LA VARENNE","47.33921005,-0.4087213"
"49050","BRISSAC LOIRE AUBANCE","49320","BRISSAC LOIRE AUBANCE","BRISSAC QUINCE","47.33921005,-0.4087213"
"49050","BRISSAC LOIRE AUBANCE","49320","BRISSAC LOIRE AUBANCE","CHARCE ST ELLIER SUR AUBANCE","47.33921005,-0.4087213"
"49050","BRISSAC LOIRE AUBANCE","49320","BRISSAC LOIRE AUBANCE","CHEMELLIER","47.33921005,-0.4087213"
"49050","BRISSAC LOIRE AUBANCE","49320","BRISSAC LOIRE AUBANCE","COUTURES","47.33921005,-0.4087213"
"49050","BRISSAC LOIRE AUBANCE","49320","BRISSAC LOIRE AUBANCE","LES ALLEUDS","47.33921005,-0.4087213"
"49050","BRISSAC LOIRE AUBANCE","49320","BRISSAC LOIRE AUBANCE","LUIGNE","47.33921005,-0.4087213"
"49050","BRISSAC LOIRE AUBANCE","49320","BRISSAC LOIRE AUBANCE","SAULGE L HOPITAL","47.33921005,-0.4087213"
"49050","BRISSAC LOIRE AUBANCE","49320","BRISSAC LOIRE AUBANCE","ST ELLIER","47.33921005,-0.4087213"
"49050","BRISSAC LOIRE AUBANCE","49320","BRISSAC LOIRE AUBANCE","ST SATURNIN SUR LOIRE","47.33921005,-0.4087213"
"49050","BRISSAC LOIRE AUBANCE","49320","BRISSAC LOIRE AUBANCE","VAUCHRETIEN","47.33921005,-0.4087213"
"49053","BROSSAY","49700","BROSSAY",,"47.169848900000005,-0.21553129999999998"
"49054","CANDE","49440","CANDE",,"47.55963785,-1.0334747000000002"
"49055","CANTENAY EPINARD","49460","CANTENAY EPINARD",,"47.539991,-0.5635202500000001"
"49056","CARBAY","49420","CARBAY",,"47.73079225,-1.2256512499999999"
"49057","CERNUSSON","49310","CERNUSSON",,"47.168055300000006,-0.48489319999999997"
"49058","LES CERQUEUX","49360","LES CERQUEUX",,"47.007997200000005,-0.63904585"
"49060","BELLEVIGNE LES CHATEAUX","49260","BELLEVIGNE LES CHATEAUX","BREZE","47.17808705,-0.0449151"
"49060","BELLEVIGNE LES CHATEAUX","49260","BELLEVIGNE LES CHATEAUX","ST CYR EN BOURG","47.17808705,-0.0449151"
"49060","BELLEVIGNE LES CHATEAUX","49400","BELLEVIGNE LES CHATEAUX","CHACE","47.17808705,-0.0449151"
"49061","CHALLAIN LA POTHERIE","49440","CHALLAIN LA POTHERIE",,"47.6309354,-1.08159425"
"49063","CHALONNES SUR LOIRE","49290","CHALONNES SUR LOIRE",,"47.34955685,-0.7728955"
"49064","CHAMBELLAY","49220","CHAMBELLAY",,"47.6901462,-0.69483635"
"49067","CHENILLE CHAMPTEUSSE","49220","CHENILLE CHAMPTEUSSE","CHAMPTEUSSE SUR BACONNE","47.67872905,-0.6585407999999999"
"49067","CHENILLE CHAMPTEUSSE","49220","CHENILLE CHAMPTEUSSE","CHENILLE CHANGE","47.67872905,-0.6585407999999999"
"49068","CHAMPTOCE SUR LOIRE","49123","CHAMPTOCE SUR LOIRE",,"47.42841165,-0.8716983"
"49069","OREE D ANJOU","49270","OREE D ANJOU","CHAMPTOCEAUX","47.304249350000006,-1.21349745"
"49069","OREE D ANJOU","49270","OREE D ANJOU","LANDEMONT","47.304249350000006,-1.21349745"
"49069","OREE D ANJOU","49270","OREE D ANJOU","LA VARENNE","47.304249350000006,-1.21349745"
"49069","OREE D ANJOU","49270","OREE D ANJOU","ST CHRISTOPHE LA COUPERIE","47.304249350000006,-1.21349745"
"49069","OREE D ANJOU","49270","OREE D ANJOU","ST LAURENT DES AUTELS","47.304249350000006,-1.21349745"
"49069","OREE D ANJOU","49270","OREE D ANJOU","ST SAUVEUR DE LANDEMONT","47.304249350000006,-1.21349745"
"49069","OREE D ANJOU","49530","OREE D ANJOU","BOUZILLE","47.304249350000006,-1.21349745"
"49069","OREE D ANJOU","49530","OREE D ANJOU","DRAIN","47.304249350000006,-1.21349745"
"49069","OREE D ANJOU","49530","OREE D ANJOU","LIRE","47.304249350000006,-1.21349745"
"49070","CHANTELOUP LES BOIS","49340","CHANTELOUP LES BOIS",,"47.08587195,-0.69111985"
"49076","LA CHAPELLE ST LAUD","49140","LA CHAPELLE ST LAUD",,"47.61605095,-0.29489350000000003"
"49080","LES HAUTS D ANJOU","49330","LES HAUTS D ANJOU","BRISSARTHE","47.697018400000005,-0.549833"
"49080","LES HAUTS D ANJOU","49330","LES HAUTS D ANJOU","CHAMPIGNE","47.697018400000005,-0.549833"
"49080","LES HAUTS D ANJOU","49330","LES HAUTS D ANJOU","CHATEAUNEUF SUR SARTHE","47.697018400000005,-0.549833"
"49080","LES HAUTS D ANJOU","49330","LES HAUTS D ANJOU","CHERRE","47.697018400000005,-0.549833"
"49080","LES HAUTS D ANJOU","49330","LES HAUTS D ANJOU","CONTIGNE","47.697018400000005,-0.549833"
"49080","LES HAUTS D ANJOU","49330","LES HAUTS D ANJOU","MARIGNE","47.697018400000005,-0.549833"
"49080","LES HAUTS D ANJOU","49330","LES HAUTS D ANJOU","QUERRE","47.697018400000005,-0.549833"
"49080","LES HAUTS D ANJOU","49330","LES HAUTS D ANJOU","SOEURDRES","47.697018400000005,-0.549833"
"49082","CHAUDEFONDS SUR LAYON","49290","CHAUDEFONDS SUR LAYON",,"47.32672615,-0.72836615"
"49086","TERRANJOU","49380","TERRANJOU","CHAVAGNES","47.2689764,-0.44303865"
"49086","TERRANJOU","49380","TERRANJOU","NOTRE DAME D ALLENCON","47.2689764,-0.44303865"
"49086","TERRANJOU","49540","TERRANJOU","MARTIGNE BRIAND","47.2689764,-0.44303865"
"49089","CHAZE SUR ARGOS","49500","CHAZE SUR ARGOS",,"47.61114565,-0.89538485"
"49090","CHEFFES","49125","CHEFFES",,"47.62360385,-0.5126476"
"49092","CHEMILLE EN ANJOU","49120","CHEMILLE EN ANJOU","CHEMILLE MELAY","47.22106925,-0.69643995"
"49092","CHEMILLE EN ANJOU","49120","CHEMILLE EN ANJOU","COSSE D ANJOU","47.22106925,-0.69643995"
"49092","CHEMILLE EN ANJOU","49120","CHEMILLE EN ANJOU","LA CHAPELLE ROUSSELIN","47.22106925,-0.69643995"
"49092","CHEMILLE EN ANJOU","49120","CHEMILLE EN ANJOU","LA JUMELLIERE","47.22106925,-0.69643995"
"49092","CHEMILLE EN ANJOU","49120","CHEMILLE EN ANJOU","LA TOURLANDRY","47.22106925,-0.69643995"
"49092","CHEMILLE EN ANJOU","49120","CHEMILLE EN ANJOU","LES GARDES","47.22106925,-0.69643995"
"49092","CHEMILLE EN ANJOU","49120","CHEMILLE EN ANJOU","MELAY","47.22106925,-0.69643995"
"49092","CHEMILLE EN ANJOU","49120","CHEMILLE EN ANJOU","NEUVY EN MAUGES","47.22106925,-0.69643995"
"49092","CHEMILLE EN ANJOU","49120","CHEMILLE EN ANJOU","STE CHRISTINE","47.22106925,-0.69643995"
"49092","CHEMILLE EN ANJOU","49120","CHEMILLE EN ANJOU","ST GEORGES DES GARDES","47.22106925,-0.69643995"
"49092","CHEMILLE EN ANJOU","49120","CHEMILLE EN ANJOU","ST LEZIN","47.22106925,-0.69643995"
"49092","CHEMILLE EN ANJOU","49310","CHEMILLE EN ANJOU","LA SALLE DE VIHIERS","47.22106925,-0.69643995"
"49092","CHEMILLE EN ANJOU","49670","CHEMILLE EN ANJOU","JOUE ETIAU","47.22106925,-0.69643995"
"49092","CHEMILLE EN ANJOU","49670","CHEMILLE EN ANJOU","VALANJOU","47.22106925,-0.69643995"
"49092","CHEMILLE EN ANJOU","49750","CHEMILLE EN ANJOU","CHANZEAUX","47.22106925,-0.69643995"
"49099","CHOLET","49300","CHOLET",,"47.0358429,-0.8749587"
"49099","CHOLET","49300","CHOLET","LE PUY ST BONNET","47.0358429,-0.8749587"
"49100","CIZAY LA MADELEINE","49700","CIZAY LA MADELEINE",,"47.1825996,-0.1834019"
"49102","CLERE SUR LAYON","49560","CLERE SUR LAYON",,"47.082920599999994,-0.43628075"
"49107","CORNILLE LES CAVES","49140","CORNILLE LES CAVES",,"47.492498850000004,-0.30562685"
"49109","CORON","49690","CORON",,"47.120082,-0.6382852999999999"
"49110","CORZE","49140","CORZE",,"47.542865500000005,-0.3697047"
"49112","LE COUDRAY MACOUARD","49260","LE COUDRAY MACOUARD",,"47.18441465,-0.12978555"
"49113","COURCHAMPS","49260","COURCHAMPS",,"47.195743050000004,-0.16046919999999998"
"49114","COURLEON","49390","COURLEON",,"47.3821789,0.14906815"
"49120","DENEE","49190","DENEE",,"47.377828550000004,-0.6109717"
"49121","DENEZE SOUS DOUE","49700","DENEZE SOUS DOUE",,"47.2523678,-0.2595571"
"49123","DISTRE","49400","DISTRE",,"47.22726795,-0.1217577"
"49125","DOUE EN ANJOU","49700","DOUE EN ANJOU","BRIGNE","47.1987995,-0.30530295"
"49125","DOUE EN ANJOU","49700","DOUE EN ANJOU","CONCOURSON SUR LAYON","47.1987995,-0.30530295"
"49125","DOUE EN ANJOU","49700","DOUE EN ANJOU","DOUE LA FONTAINE","47.1987995,-0.30530295"
"49125","DOUE EN ANJOU","49700","DOUE EN ANJOU","FORGES","47.1987995,-0.30530295"
"49125","DOUE EN ANJOU","49700","DOUE EN ANJOU","LES VERCHERS SUR LAYON","47.1987995,-0.30530295"
"49125","DOUE EN ANJOU","49700","DOUE EN ANJOU","MEIGNE","47.1987995,-0.30530295"
"49125","DOUE EN ANJOU","49700","DOUE EN ANJOU","MONTFORT","47.1987995,-0.30530295"
"49125","DOUE EN ANJOU","49700","DOUE EN ANJOU","ST GEORGES SUR LAYON","47.1987995,-0.30530295"
"49127","DURTAL","49430","DURTAL",,"47.6654049,-0.24565510000000002"
"49129","ECOUFLANT","49000","ECOUFLANT",,"47.5240226,-0.518954"
"49130","ECUILLE","49460","ECUILLE",,"47.61579925,-0.55587165"
"49131","EPIEDS","49260","EPIEDS",,"47.136525250000005,-0.03351245"
"49132","ETRICHE","49330","ETRICHE",,"47.658843250000004,-0.4536304"
"49135","FENEU","49460","FENEU",,"47.5831885,-0.60378155"
"49138","LES BOIS D ANJOU","49250","LES BOIS D ANJOU","BRION","47.45358485,-0.169515"
"49138","LES BOIS D ANJOU","49250","LES BOIS D ANJOU","FONTAINE GUERIN","47.45358485,-0.169515"
"49138","LES BOIS D ANJOU","49250","LES BOIS D ANJOU","ST GEORGES DU BOIS","47.45358485,-0.169515"
"49140","FONTEVRAUD L ABBAYE","49590","FONTEVRAUD L ABBAYE",,"47.1819324,0.026061050000000002"
"49155","GREZ NEUVILLE","49220","GREZ NEUVILLE",,"47.5915516,-0.6863726"
"49160","INGRANDES LE FRESNE SUR LOIRE","49123","INGRANDES LE FRESNE SUR LOIRE","INGRANDES","47.4047982,-0.9287905999999999"
"49160","INGRANDES LE FRESNE SUR LOIRE","49123","INGRANDES LE FRESNE SUR LOIRE","LE FRESNE SUR LOIRE","47.4047982,-0.9287905999999999"
"49160","INGRANDES LE FRESNE SUR LOIRE","49123","INGRANDES LE FRESNE SUR LOIRE","ST SIGISMOND","47.4047982,-0.9287905999999999"
"49161","LA JAILLE YVON","49220","LA JAILLE YVON",,"47.722602499999994,-0.68894945"
"49163","JARZE VILLAGES","49140","JARZE VILLAGES","BEAUVAU","47.5606506,-0.25634645"
"49163","JARZE VILLAGES","49140","JARZE VILLAGES","CHAUMONT D ANJOU","47.5606506,-0.25634645"
"49163","JARZE VILLAGES","49140","JARZE VILLAGES","JARZE","47.5606506,-0.25634645"
"49163","JARZE VILLAGES","49140","JARZE VILLAGES","LUE EN BAUGEOIS","47.5606506,-0.25634645"
"49167","LES GARENNES SUR LOIRE","49320","LES GARENNES SUR LOIRE","ST JEAN DES MAUVRETS","47.3850477,-0.47268645"
"49167","LES GARENNES SUR LOIRE","49610","LES GARENNES SUR LOIRE","JUIGNE SUR LOIRE","47.3850477,-0.47268645"
"49170","JUVARDEIL","49330","JUVARDEIL",,"47.661074400000004,-0.5144954"
"49171","LA LANDE CHASLES","49150","LA LANDE CHASLES",,"47.460719,-0.07017699999999999"
"49174","HUILLE LEZIGNE","49430","HUILLE LEZIGNE","HUILLE","47.65122915,-0.29337979999999997"
"49174","HUILLE LEZIGNE","49430","HUILLE LEZIGNE","LEZIGNE","47.65122915,-0.29337979999999997"
"49176","LE LION D ANGERS","49220","LE LION D ANGERS",,"47.634007249999996,-0.751735"
"49176","LE LION D ANGERS","49220","LE LION D ANGERS","ANDIGNE","47.634007249999996,-0.751735"
"49178","LOIRE","49440","LOIRE",,"47.626948,-0.9678781000000001"
"49180","LONGUE JUMELLES","49160","LONGUE JUMELLES",,"47.396052850000004,-0.10917415"
"49180","LONGUE JUMELLES","49160","LONGUE JUMELLES","JUMELLES","47.396052850000004,-0.10917415"
"49182","LOURESSE ROCHEMENIER","49700","LOURESSE ROCHEMENIER",,"47.24942505,-0.3123483"
"49183","VAL D ERDRE AUXENCE","49370","VAL D ERDRE AUXENCE","LE LOUROUX BECONNAIS","47.50491105,-0.9373581"
"49183","VAL D ERDRE AUXENCE","49370","VAL D ERDRE AUXENCE","VILLEMOISAN","47.50491105,-0.9373581"
"49183","VAL D ERDRE AUXENCE","49440","VAL D ERDRE AUXENCE","LA CORNUAILLE","47.50491105,-0.9373581"
"49188","MARCE","49140","MARCE",,"47.58253535,-0.29933535"
"49192","MAULEVRIER","49360","MAULEVRIER",,"47.015942800000005,-0.7661803"
"49193","LE MAY SUR EVRE","49122","LE MAY SUR EVRE",,"47.13035885,-0.875741"
"49194","MAZE MILON","49140","MAZE MILON","FONTAINE MILON","47.47129195,-0.2785338"
"49194","MAZE MILON","49630","MAZE MILON","MAZE","47.47129195,-0.2785338"
"49195","MAZIERES EN MAUGES","49280","MAZIERES EN MAUGES",,"47.06058845,-0.79671685"
"49200","LONGUENEE EN ANJOU","49220","LONGUENEE EN ANJOU","PRUILLE","47.5523428,-0.67966465"
"49200","LONGUENEE EN ANJOU","49770","LONGUENEE EN ANJOU","LA MEIGNANNE","47.5523428,-0.67966465"
"49200","LONGUENEE EN ANJOU","49770","LONGUENEE EN ANJOU","LA MEMBROLLE SUR LONGUENEE","47.5523428,-0.67966465"
"49200","LONGUENEE EN ANJOU","49770","LONGUENEE EN ANJOU","LE PLESSIS MACE","47.5523428,-0.67966465"
"49201","LA MENITRE","49250","LA MENITRE",,"47.40991835,-0.25652775"
"49205","MIRE","49330","MIRE",,"47.7642075,-0.49307315"
"49209","MONTIGNE LES RAIRIES","49430","MONTIGNE LES RAIRIES",,"47.62682735,-0.21295005"
"49211","MONTILLIERS","49310","MONTILLIERS",,"47.18043685,-0.51856275"
"49214","MONTREUIL JUIGNE","49460","MONTREUIL JUIGNE",,"47.545125,-0.617814"
"49214","MONTREUIL JUIGNE","49460","MONTREUIL JUIGNE","JUIGNE BENE","47.545125,-0.617814"
"49215","MONTREUIL BELLAY","49260","MONTREUIL BELLAY",,"47.1294937,-0.124587"
"49215","MONTREUIL BELLAY","49260","MONTREUIL BELLAY","MERON","47.1294937,-0.124587"
"49216","MONTREUIL SUR LOIR","49140","MONTREUIL SUR LOIR",,"47.59718595,-0.39360019999999996"
"49217","MONTREUIL SUR MAINE","49220","MONTREUIL SUR MAINE",,"47.657889749999995,-0.7123524"
"49218","MONTREVAULT SUR EVRE","49110","MONTREVAULT SUR EVRE","CHAUDRON EN MAUGES","47.2494156,-1.0204388500000001"
"49218","MONTREVAULT SUR EVRE","49110","MONTREVAULT SUR EVRE","LA BOISSIERE SUR EVRE","47.2494156,-1.0204388500000001"
"49218","MONTREVAULT SUR EVRE","49110","MONTREVAULT SUR EVRE","LA SALLE ET CHAPELLE AUBRY","47.2494156,-1.0204388500000001"
"49218","MONTREVAULT SUR EVRE","49110","MONTREVAULT SUR EVRE","MONTREVAULT","47.2494156,-1.0204388500000001"
"49218","MONTREVAULT SUR EVRE","49110","MONTREVAULT SUR EVRE","ST PIERRE MONTLIMART","47.2494156,-1.0204388500000001"
"49218","MONTREVAULT SUR EVRE","49110","MONTREVAULT SUR EVRE","ST QUENTIN EN MAUGES","47.2494156,-1.0204388500000001"
"49218","MONTREVAULT SUR EVRE","49110","MONTREVAULT SUR EVRE","ST REMY EN MAUGES","47.2494156,-1.0204388500000001"
"49218","MONTREVAULT SUR EVRE","49270","MONTREVAULT SUR EVRE","LE FUILET","47.2494156,-1.0204388500000001"
"49218","MONTREVAULT SUR EVRE","49600","MONTREVAULT SUR EVRE","LA CHAUSSAIRE","47.2494156,-1.0204388500000001"
"49218","MONTREVAULT SUR EVRE","49600","MONTREVAULT SUR EVRE","LE FIEF SAUVIN","47.2494156,-1.0204388500000001"
"49218","MONTREVAULT SUR EVRE","49600","MONTREVAULT SUR EVRE","LE PUISET DORE","47.2494156,-1.0204388500000001"
"49219","MONTSOREAU","49730","MONTSOREAU",,"47.213048549999996,0.0559094"
"49220","MORANNES SUR SARTHE DAUMERAY","49640","MORANNES SUR SARTHE DAUMERAY","CHEMIRE SUR SARTHE","47.718054949999996,-0.381596"
"49220","MORANNES SUR SARTHE DAUMERAY","49640","MORANNES SUR SARTHE DAUMERAY","DAUMERAY","47.718054949999996,-0.381596"
"49220","MORANNES SUR SARTHE DAUMERAY","49640","MORANNES SUR SARTHE DAUMERAY","MORANNES SUR SARTHE","47.718054949999996,-0.381596"
"49221","MOULIHERNE","49390","MOULIHERNE",,"47.4503076,0.01758005"
"49222","MOZE SUR LOUET","49610","MOZE SUR LOUET",,"47.3640143,-0.57070095"
"49223","MURS ERIGNE","49610","MURS ERIGNE",,"47.3947553,-0.5528697"
"49224","NEUILLE","49680","NEUILLE",,"47.332066049999995,-0.0175394"
"49228","NOYANT VILLAGES","49390","NOYANT VILLAGES","PARCAY LES PINS","47.51110435,0.10267865"
"49228","NOYANT VILLAGES","49490","NOYANT VILLAGES","AUVERSE","47.51110435,0.10267865"
"49228","NOYANT VILLAGES","49490","NOYANT VILLAGES","BREIL","47.51110435,0.10267865"
"49228","NOYANT VILLAGES","49490","NOYANT VILLAGES","BROC","47.51110435,0.10267865"
"49228","NOYANT VILLAGES","49490","NOYANT VILLAGES","CHALONNES SOUS LE LUDE","47.51110435,0.10267865"
"49228","NOYANT VILLAGES","49490","NOYANT VILLAGES","CHAVAIGNES","47.51110435,0.10267865"
"49228","NOYANT VILLAGES","49490","NOYANT VILLAGES","CHIGNE","47.51110435,0.10267865"
"49228","NOYANT VILLAGES","49490","NOYANT VILLAGES","DENEZE SOUS LE LUDE","47.51110435,0.10267865"
"49228","NOYANT VILLAGES","49490","NOYANT VILLAGES","GENNETEIL","47.51110435,0.10267865"
"49228","NOYANT VILLAGES","49490","NOYANT VILLAGES","LASSE","47.51110435,0.10267865"
"49228","NOYANT VILLAGES","49490","NOYANT VILLAGES","LINIERES BOUTON","47.51110435,0.10267865"
"49228","NOYANT VILLAGES","49490","NOYANT VILLAGES","MEIGNE LE VICOMTE","47.51110435,0.10267865"
"49228","NOYANT VILLAGES","49490","NOYANT VILLAGES","MEON","47.51110435,0.10267865"
"49228","NOYANT VILLAGES","49490","NOYANT VILLAGES","NOYANT","47.51110435,0.10267865"
"49231","NUAILLE","49340","NUAILLE",,"47.0823847,-0.7742839"
"49235","PARNAY","49730","PARNAY",,"47.22087485,0.00511785"
"49236","PASSAVANT SUR LAYON","49560","PASSAVANT SUR LAYON",,"47.10132735,-0.38518415"
"49237","LA PELLERINE","49490","LA PELLERINE",,"47.4577775,0.13474935"
"49240","LA PLAINE","49360","LA PLAINE",,"47.06551555,-0.62935725"
"49241","LE PLESSIS GRAMMOIRE","49124","LE PLESSIS GRAMMOIRE",,"47.494120949999996,-0.43645995000000004"
"49244","MAUGES SUR LOIRE","49110","MAUGES SUR LOIRE","BOTZ EN MAUGES","47.3434942,-0.93510455"
"49244","MAUGES SUR LOIRE","49290","MAUGES SUR LOIRE","BOURGNEUF EN MAUGES","47.3434942,-0.93510455"
"49244","MAUGES SUR LOIRE","49290","MAUGES SUR LOIRE","ST LAURENT DE LA PLAINE","47.3434942,-0.93510455"
"49244","MAUGES SUR LOIRE","49410","MAUGES SUR LOIRE","BEAUSSE","47.3434942,-0.93510455"
"49244","MAUGES SUR LOIRE","49410","MAUGES SUR LOIRE","LA CHAPELLE ST FLORENT","47.3434942,-0.93510455"
"49244","MAUGES SUR LOIRE","49410","MAUGES SUR LOIRE","LE MARILLAIS","47.3434942,-0.93510455"
"49244","MAUGES SUR LOIRE","49410","MAUGES SUR LOIRE","LE MESNIL EN VALLEE","47.3434942,-0.93510455"
"49244","MAUGES SUR LOIRE","49410","MAUGES SUR LOIRE","ST FLORENT LE VIEIL","47.3434942,-0.93510455"
"49244","MAUGES SUR LOIRE","49410","MAUGES SUR LOIRE","ST LAURENT DU MOTTAY","47.3434942,-0.93510455"
"49244","MAUGES SUR LOIRE","49570","MAUGES SUR LOIRE","MONTJEAN SUR LOIRE","47.3434942,-0.93510455"
"49244","MAUGES SUR LOIRE","49620","MAUGES SUR LOIRE","LA POMMERAYE","47.3434942,-0.93510455"
"49246","LES PONTS DE CE","49130","LES PONTS DE CE",,"47.4269669,-0.5110405499999999"
"49246","LES PONTS DE CE","49130","LES PONTS DE CE","SORGES","47.4269669,-0.5110405499999999"
"49247","LA POSSONNIERE","49170","LA POSSONNIERE",,"47.384790249999995,-0.7058528"
"49248","OMBREE D ANJOU","49420","OMBREE D ANJOU","CHAZE HENRY","47.7238343,-1.1086604"
"49248","OMBREE D ANJOU","49420","OMBREE D ANJOU","LA CHAPELLE HULLIN","47.7238343,-1.1086604"
"49248","OMBREE D ANJOU","49420","OMBREE D ANJOU","LA PREVIERE","47.7238343,-1.1086604"
"49248","OMBREE D ANJOU","49420","OMBREE D ANJOU","POUANCE","47.7238343,-1.1086604"
"49248","OMBREE D ANJOU","49420","OMBREE D ANJOU","ST MICHEL ET CHANVEAUX","47.7238343,-1.1086604"
"49248","OMBREE D ANJOU","49420","OMBREE D ANJOU","VERGONNES","47.7238343,-1.1086604"
"49248","OMBREE D ANJOU","49520","OMBREE D ANJOU","BEL AIR","47.7238343,-1.1086604"
"49248","OMBREE D ANJOU","49520","OMBREE D ANJOU","COMBREE","47.7238343,-1.1086604"
"49248","OMBREE D ANJOU","49520","OMBREE D ANJOU","GRUGE L HOPITAL","47.7238343,-1.1086604"
"49248","OMBREE D ANJOU","49520","OMBREE D ANJOU","LE TREMBLAY","47.7238343,-1.1086604"
"49248","OMBREE D ANJOU","49520","OMBREE D ANJOU","NOELLET","47.7238343,-1.1086604"
"49253","LE PUY NOTRE DAME","49260","LE PUY NOTRE DAME",,"47.114247199999994,-0.2280781"
"49257","LES RAIRIES","49430","LES RAIRIES",,"47.64989245,-0.21572175"
"49259","ROCHEFORT SUR LOIRE","49190","ROCHEFORT SUR LOIRE",,"47.34621975,-0.6593795"
"49260","LA ROMAGNE","49740","LA ROMAGNE",,"47.0559166,-1.0082220499999999"
"49261","GENNES VAL DE LOIRE","49160","GENNES VAL DE LOIRE","ST MARTIN DE LA PLACE","47.3424112,-0.23517155"
"49261","GENNES VAL DE LOIRE","49320","GENNES VAL DE LOIRE","GREZILLE","47.3424112,-0.23517155"
"49261","GENNES VAL DE LOIRE","49350","GENNES VAL DE LOIRE","CHENEHUTTE LES TUFFEAUX","47.3424112,-0.23517155"
"49261","GENNES VAL DE LOIRE","49350","GENNES VAL DE LOIRE","GENNES","47.3424112,-0.23517155"
"49261","GENNES VAL DE LOIRE","49350","GENNES VAL DE LOIRE","LES ROSIERS SUR LOIRE","47.3424112,-0.23517155"
"49261","GENNES VAL DE LOIRE","49350","GENNES VAL DE LOIRE","LE THOUREIL","47.3424112,-0.23517155"
"49261","GENNES VAL DE LOIRE","49350","GENNES VAL DE LOIRE","ST GEORGES DES SEPT VOIES","47.3424112,-0.23517155"
"49261","GENNES VAL DE LOIRE","49350","GENNES VAL DE LOIRE","TREVES CUNAULT","47.3424112,-0.23517155"
"49262","ROU MARSON","49400","ROU MARSON",,"47.246128299999995,-0.15289235"
"49266","ST AUGUSTIN DES BOIS","49170","ST AUGUSTIN DES BOIS",,"47.45483985,-0.80419585"
"49267","ST BARTHELEMY D ANJOU","49124","ST BARTHELEMY D ANJOU",,"47.4740663,-0.4825838"
"49269","ST CHRISTOPHE DU BOIS","49280","ST CHRISTOPHE DU BOIS",,"47.030881550000004,-0.9709913"
"49271","ST CLEMENT DE LA PLACE","49370","ST CLEMENT DE LA PLACE",,"47.52643335,-0.7327790000000001"
"49272","ST CLEMENT DES LEVEES","49350","ST CLEMENT DES LEVEES",,"47.3495063,-0.18033665"
"49278","STE GEMMES SUR LOIRE","49130","STE GEMMES SUR LOIRE",,"47.429648,-0.570193"
"49283","ST GEORGES SUR LOIRE","49170","ST GEORGES SUR LOIRE",,"47.4030674,-0.7536733"
"49284","ST GERMAIN DES PRES","49170","ST GERMAIN DES PRES",,"47.409885700000004,-0.8081703"
"49288","ST JEAN DE LA CROIX","49130","ST JEAN DE LA CROIX",,"47.4111375,-0.5820738"
"49291","ST JUST SUR DIVE","49260","ST JUST SUR DIVE",,"47.171810699999995,-0.10268435000000001"
"49292","VAL DU LAYON","49190","VAL DU LAYON","ST AUBIN DE LUIGNE","47.3135369,-0.6528919"
"49292","VAL DU LAYON","49750","VAL DU LAYON","ST LAMBERT DU LATTAY","47.3135369,-0.6528919"
"49294","ST LAMBERT LA POTHERIE","49070","ST LAMBERT LA POTHERIE",,"47.487047950000004,-0.6903606"
"49298","ST LEGER DE LINIERES","49070","ST LEGER DE LINIERES","ST JEAN DE LINIERES","47.46093085,-0.7068913"
"49298","ST LEGER DE LINIERES","49170","ST LEGER DE LINIERES","ST LEGER DES BOIS","47.46093085,-0.7068913"
"49299","ST LEGER SOUS CHOLET","49280","ST LEGER SOUS CHOLET",,"47.10215865,-0.9007438999999999"
"49301","SEVREMOINE","49230","SEVREMOINE","MONTFAUCON MONTIGNE","47.08782465,-1.0967942000000002"
"49301","SEVREMOINE","49230","SEVREMOINE","ST CRESPIN SUR MOINE","47.08782465,-1.0967942000000002"
"49301","SEVREMOINE","49230","SEVREMOINE","ST GERMAIN SUR MOINE","47.08782465,-1.0967942000000002"
"49301","SEVREMOINE","49230","SEVREMOINE","TILLIERES","47.08782465,-1.0967942000000002"
"49301","SEVREMOINE","49450","SEVREMOINE","LA RENAUDIERE","47.08782465,-1.0967942000000002"
"49301","SEVREMOINE","49450","SEVREMOINE","ROUSSAY","47.08782465,-1.0967942000000002"
"49301","SEVREMOINE","49450","SEVREMOINE","ST ANDRE DE LA MARCHE","47.08782465,-1.0967942000000002"
"49301","SEVREMOINE","49450","SEVREMOINE","ST MACAIRE EN MAUGES","47.08782465,-1.0967942000000002"
"49301","SEVREMOINE","49660","SEVREMOINE","TORFOU","47.08782465,-1.0967942000000002"
"49301","SEVREMOINE","49710","SEVREMOINE","LE LONGERON","47.08782465,-1.0967942000000002"
"49302","ST MACAIRE DU BOIS","49260","ST MACAIRE DU BOIS",,"47.11351455,-0.28799635"
"49306","ST MARTIN DU FOUILLOUX","49170","ST MARTIN DU FOUILLOUX",,"47.4354445,-0.71154655"
"49307","LOIRE AUTHION","49140","LOIRE AUTHION","BAUNE","47.469482299999996,-0.37341155000000004"
"49307","LOIRE AUTHION","49250","LOIRE AUTHION","ST MATHURIN SUR LOIRE","47.469482299999996,-0.37341155000000004"
"49307","LOIRE AUTHION","49630","LOIRE AUTHION","CORNE","47.469482299999996,-0.37341155000000004"
"49307","LOIRE AUTHION","49800","LOIRE AUTHION","ANDARD","47.469482299999996,-0.37341155000000004"
"49307","LOIRE AUTHION","49800","LOIRE AUTHION","BRAIN SUR L AUTHION","47.469482299999996,-0.37341155000000004"
"49307","LOIRE AUTHION","49800","LOIRE AUTHION","LA BOHALLE","47.469482299999996,-0.37341155000000004"
"49307","LOIRE AUTHION","49800","LOIRE AUTHION","LA DAGUENIERE","47.469482299999996,-0.37341155000000004"
"49308","ST MELAINE SUR AUBANCE","49610","ST MELAINE SUR AUBANCE",,"47.3819485,-0.49857930000000006"
"49310","ST PAUL DU BOIS","49310","ST PAUL DU BOIS",,"47.0904932,-0.5390552"
"49311","ST PHILBERT DU PEUPLE","49160","ST PHILBERT DU PEUPLE",,"47.3900711,-0.04706485"
"49323","VERRIERES EN ANJOU","49112","VERRIERES EN ANJOU","PELLOUAILLES LES VIGNES","47.518163799999996,-0.47463789999999995"
"49323","VERRIERES EN ANJOU","49480","VERRIERES EN ANJOU","ST SYLVAIN D ANJOU","47.518163799999996,-0.47463789999999995"
"49326","SARRIGNE","49800","SARRIGNE",,"47.50323899999999,-0.38939135"
"49328","SAUMUR","49400","SAUMUR",,"47.2645098,-0.08367435000000001"
"49328","SAUMUR","49400","SAUMUR","BAGNEUX","47.2645098,-0.08367435000000001"
"49328","SAUMUR","49400","SAUMUR","DAMPIERRE SUR LOIRE","47.2645098,-0.08367435000000001"
"49328","SAUMUR","49400","SAUMUR","ST HILAIRE ST FLORENT","47.2645098,-0.08367435000000001"
"49328","SAUMUR","49400","SAUMUR","ST LAMBERT DES LEVEES","47.2645098,-0.08367435000000001"
"49329","SAVENNIERES","49170","SAVENNIERES",,"47.40642245,-0.6640157"
"49329","SAVENNIERES","49170","SAVENNIERES","EPIRE","47.40642245,-0.6640157"
"49330","SCEAUX D ANJOU","49330","SCEAUX D ANJOU",,"47.629526999999996,-0.6060942"
"49331","SEGRE EN ANJOU BLEU","49500","SEGRE EN ANJOU BLEU","AVIRE","47.71111985,-0.85404495"
"49331","SEGRE EN ANJOU BLEU","49500","SEGRE EN ANJOU BLEU","LA CHAPELLE SUR OUDON","47.71111985,-0.85404495"
"49331","SEGRE EN ANJOU BLEU","49500","SEGRE EN ANJOU BLEU","LA FERRIERE DE FLEE","47.71111985,-0.85404495"
"49331","SEGRE EN ANJOU BLEU","49500","SEGRE EN ANJOU BLEU","L HOTELLERIE DE FLEE","47.71111985,-0.85404495"
"49331","SEGRE EN ANJOU BLEU","49500","SEGRE EN ANJOU BLEU","LOUVAINES","47.71111985,-0.85404495"
"49331","SEGRE EN ANJOU BLEU","49500","SEGRE EN ANJOU BLEU","MARANS","47.71111985,-0.85404495"
"49331","SEGRE EN ANJOU BLEU","49500","SEGRE EN ANJOU BLEU","MONTGUILLON","47.71111985,-0.85404495"
"49331","SEGRE EN ANJOU BLEU","49500","SEGRE EN ANJOU BLEU","NYOISEAU","47.71111985,-0.85404495"
"49331","SEGRE EN ANJOU BLEU","49500","SEGRE EN ANJOU BLEU","SEGRE","47.71111985,-0.85404495"
"49331","SEGRE EN ANJOU BLEU","49500","SEGRE EN ANJOU BLEU","STE GEMMES D ANDIGNE","47.71111985,-0.85404495"
"49331","SEGRE EN ANJOU BLEU","49500","SEGRE EN ANJOU BLEU","ST MARTIN DU BOIS","47.71111985,-0.85404495"
"49331","SEGRE EN ANJOU BLEU","49500","SEGRE EN ANJOU BLEU","ST SAUVEUR DE FLEE","47.71111985,-0.85404495"
"49331","SEGRE EN ANJOU BLEU","49520","SEGRE EN ANJOU BLEU","CHATELAIS","47.71111985,-0.85404495"
"49331","SEGRE EN ANJOU BLEU","49520","SEGRE EN ANJOU BLEU","LE BOURG D IRE","47.71111985,-0.85404495"
"49331","SEGRE EN ANJOU BLEU","49520","SEGRE EN ANJOU BLEU","NOYANT LA GRAVOYERE","47.71111985,-0.85404495"
"49332","LA SEGUINIERE","49280","LA SEGUINIERE",,"47.0794315,-0.9622369500000001"
"49333","SEICHES SUR LE LOIR","49140","SEICHES SUR LE LOIR",,"47.59634055,-0.3645772"
"49333","SEICHES SUR LE LOIR","49140","SEICHES SUR LE LOIR","MATHEFLON","47.59634055,-0.3645772"
"49334","SERMAISE","49140","SERMAISE",,"47.5225116,-0.21558305"
"49336","SOMLOIRE","49360","SOMLOIRE",,"47.0356019,-0.59702885"
"49338","SOULAINES SUR AUBANCE","49610","SOULAINES SUR AUBANCE",,"47.361647399999995,-0.52183525"
"49339","SOULAIRE ET BOURG","49460","SOULAIRE ET BOURG",,"47.57610965000001,-0.5401803000000001"
"49341","SOUZAY CHAMPIGNY","49400","SOUZAY CHAMPIGNY",,"47.220797,-0.0271762"
"49343","LA TESSOUALLE","49280","LA TESSOUALLE",,"47.01133765,-0.8340354"
"49344","THORIGNE D ANJOU","49220","THORIGNE D ANJOU",,"47.6355845,-0.6619243"
"49345","BELLEVIGNE EN LAYON","49380","BELLEVIGNE EN LAYON","CHAMP SUR LAYON","47.2718845,-0.5395374500000001"
"49345","BELLEVIGNE EN LAYON","49380","BELLEVIGNE EN LAYON","FAVERAYE MACHELLES","47.2718845,-0.5395374500000001"
"49345","BELLEVIGNE EN LAYON","49380","BELLEVIGNE EN LAYON","FAYE D ANJOU","47.2718845,-0.5395374500000001"
"49345","BELLEVIGNE EN LAYON","49380","BELLEVIGNE EN LAYON","THOUARCE","47.2718845,-0.5395374500000001"
"49345","BELLEVIGNE EN LAYON","49750","BELLEVIGNE EN LAYON","RABLAY SUR LAYON","47.2718845,-0.5395374500000001"
"49347","TIERCE","49125","TIERCE",,"47.62536315,-0.44487445000000003"
"49352","TOUTLEMONDE","49360","TOUTLEMONDE",,"47.059078400000004,-0.75991265"
"49353","TRELAZE","49800","TRELAZE",,"47.4521773,-0.47801954999999996"
"49355","TREMENTINES","49340","TREMENTINES",,"47.1260483,-0.80358075"
"49358","TURQUANT","49730","TURQUANT",,"47.2131357,0.01704545"
"49359","LES ULMES","49700","LES ULMES",,"47.225106,-0.1824434"
"49361","VARENNES SUR LOIRE","49730","VARENNES SUR LOIRE",,"47.24511535,0.037096149999999994"
"49362","VARRAINS","49400","VARRAINS",,"47.227631349999996,-0.06613234999999999"
"49364","VAUDELNAY","49260","VAUDELNAY",,"47.13960365,-0.21475595000000003"
"49367","ERDRE EN ANJOU","49220","ERDRE EN ANJOU","BRAIN SUR LONGUENEE","47.58898135,-0.8177667"
"49367","ERDRE EN ANJOU","49220","ERDRE EN ANJOU","GENE","47.58898135,-0.8177667"
"49367","ERDRE EN ANJOU","49220","ERDRE EN ANJOU","VERN D ANJOU","47.58898135,-0.8177667"
"49367","ERDRE EN ANJOU","49370","ERDRE EN ANJOU","LA POUEZE","47.58898135,-0.8177667"
"49368","VERNANTES","49390","VERNANTES",,"47.3945062,0.025922499999999998"
"49369","VERNOIL LE FOURRIER","49390","VERNOIL LE FOURRIER",,"47.39718275,0.10007519999999999"
"49370","VERRIE","49400","VERRIE",,"47.26585985,-0.1899744"
"49371","VEZINS","49340","VEZINS",,"47.113871700000004,-0.7198356"
"49373","LYS HAUT LAYON","49310","LYS HAUT LAYON","LES CERQUEUX SOUS PASSAVANT","47.150349750000004,-0.46180495"
"49373","LYS HAUT LAYON","49310","LYS HAUT LAYON","LE VOIDE","47.150349750000004,-0.46180495"
"49373","LYS HAUT LAYON","49310","LYS HAUT LAYON","ST HILAIRE DU BOIS","47.150349750000004,-0.46180495"
"49373","LYS HAUT LAYON","49310","LYS HAUT LAYON","TANCOIGNE","47.150349750000004,-0.46180495"
"49373","LYS HAUT LAYON","49310","LYS HAUT LAYON","TREMONT","47.150349750000004,-0.46180495"
"49373","LYS HAUT LAYON","49310","LYS HAUT LAYON","VIHIERS","47.150349750000004,-0.46180495"
"49373","LYS HAUT LAYON","49540","LYS HAUT LAYON","LA FOSSE DE TIGNE","47.150349750000004,-0.46180495"
"49373","LYS HAUT LAYON","49540","LYS HAUT LAYON","TIGNE","47.150349750000004,-0.46180495"
"49373","LYS HAUT LAYON","49560","LYS HAUT LAYON","NUEIL SUR LAYON","47.150349750000004,-0.46180495"
"49374","VILLEBERNIER","49400","VILLEBERNIER",,"47.26437205,-0.0217838"
"49377","RIVES DU LOIR EN ANJOU","49140","RIVES DU LOIR EN ANJOU","SOUCELLES","47.5571985,-0.44476874999999993"
"49377","RIVES DU LOIR EN ANJOU","49140","RIVES DU LOIR EN ANJOU","VILLEVEQUE","47.5571985,-0.44476874999999993"
"49378","VIVY","49680","VIVY",,"47.3210665,-0.071015"
"49381","YZERNAY","49360","YZERNAY",,"47.0291601,-0.69085665"